"商品タイトル","型番","AR","買取価格"
"ガルーラ AR SV10 110/098","110/098","AR","200"
"バシャーモ AR SV10 101/098","101/098","AR","200"
"マラカッチ AR SV9 101/100","101/100","AR","180"
"フリーザー AR SV9 102/100","102/100","AR","200"
"ルガルガン AR SV9 107/100","107/100","AR","180"
"ブロロン AR SV3 117/108","117/108","AR","180"
"ブリジュラス AR SV7 113/102","113/102","AR","180"
"バチュル AR SV7 108/102","108/102","AR","180"
"ヨーギラス AR SV3 114/108","114/108","AR","180"
"ケケンカニ AR SV7 107/102","107/102","AR","180"
"ポッポ AR SV3 118/108","118/108","AR","180"
"クサイハナ AR SV3 109/108","109/108","AR","180"
"ピィ AR SV3 113/108","113/108","AR","350"
"キュウコン AR SV3 110/108","110/108","AR","350"
"ヨルノズク AR SV7 114/102","114/102","AR","180"
"ソウブレイズ AR SV8 109/106","109/106","AR","180"
"メラルバ AR SV8 108/106","108/106","AR","180"
"レアコイル AR SV8 112/106","112/106","AR","250"
"マッギョ AR SV8 113/106","113/106","AR","180"
"シャリタツ AR SV6 112/101","112/101","AR","250"
"カイデン AR SV6 105/101","105/101","AR","180"
"マシマシラ AR SV6 107/101","107/101","AR","650"
"ユキメノコ AR SV6 104/101","104/101","AR","200"
"ハトーボー AR SV11B 154/086","154/086","AR","180"
"ヒヤップ AR SV11B 105/086","105/086","AR","200"
"ペンドラー AR SV11B 140/086","140/086","AR","200"
"ゾロア AR SV11W 140/086","140/086","AR","900"
"プルリル AR SV11W 124/086","124/086","AR","750"
"ゴチミル AR SV11W 122/086","122/086","AR","200"
"バチュル AR SV11W 113/086","113/086","AR","450"
"バニリッチ AR SV11W 109/086","109/086","AR","180"
"チラーミィ AR SV11B 157/086","157/086","AR","250"
"エモンガ AR SV11B 116/086","116/086","AR","450"
"ドレディア AR SV11B 092/086","092/086","AR","350"
"ビクティニ AR SV11B 097/086","097/086","AR","1100"
"シャンデラ AR SV11B 102/086","102/086","AR","550"
"ウォーグル AR SV11W 157/086","157/086","AR","200"
"ヤナップ AR SV11B 089/086","089/086","AR","200"
"ヨーテリー AR SV11W 153/086","153/086","AR","200"
"アイアント AR SV11W 149/086","149/086","AR","180"
"ギアル AR SV11W 146/086","146/086","AR","180"
"ジヘッド AR SV11W 143/086","143/086","AR","200"
"モノズ AR SV11W 142/086","142/086","AR","200"
"ズルッグ AR SV11W 136/086","136/086","AR","200"
"コジョフー AR SV11W 131/086","131/086","AR","200"
"デスカーン AR SV11W 120/086","120/086","AR","180"
"バニプッチ AR SV11W 108/086","108/086","AR","200"
"スワンナ AR SV11W 107/086","107/086","AR","200"
"フタチマル AR SV11W 103/086","103/086","AR","350"
"チラチーノ AR SV11B 158/086","158/086","AR","200"
"ケンホロウ AR SV11B 155/086","155/086","AR","200"
"コバルオン AR SV11B 149/086","149/086","AR","200"
"フリージオ AR SV11B 115/086","115/086","AR","180"
"プロトーガ AR SV11B 110/086","110/086","AR","200"
"ダルマッカ AR SV11B 098/086","098/086","AR","200"
"メラルバ AR SV11B 103/086","103/086","AR","200"
"ジャノビー AR SV11B 088/086","088/086","AR","350"
"ムーランド AR SV11W 155/086","155/086","AR","200"
"シェイミ AR SV9a 066/063","066/063","AR","200"
"ゴチミル AR SV2P 078/071","078/071","AR","180"
"フォクスライ AR S12a 192/172","192/172","AR","180"
"デンヂムシ AR SV5M 076/071","076/071","AR","180"
"スナバァ AR SV2D 075/071","075/071","AR","180"
"ルナトーン AR S12a 184/172","184/172","AR","180"
"ヒスイビリリダマ AR S12a 173/172","173/172","AR","180"
"サケブシッポ AR SV4K 071/066","071/066","AR","180"
"バンバドロ AR SV5K 078/071","078/071","AR","180"
"ナカヌチャン AR SV2D 077/071","077/071","AR","180"
"ウミトリオ AR SV4a 338/190","338/190","AR","180"
"ガラルファイヤー AR S12a 190/172","190/172","AR","250"
"ノコッチ AR S12a 198/172","198/172","AR","180"
"ラプラス AR S12a 177/172","177/172","AR","200"
"ガラルフリーザー AR S12a 182/172","182/172","AR","180"
"ラティアス AR S12a 195/172","195/172","AR","350"
"ガラルサンダー AR S12a 188/172","188/172","AR","180"
"ヒスイヌメルゴン AR S12a 196/172","196/172","AR","180"
"マリル AR SV2P 073/071","073/071","AR","450"
"ハラバリー AR SV3 112/108","112/108","AR","180"
"パルデアケンタロス AR SV1a 084/073","084/073","AR","180"
"ムウマージ AR SV1a 083/073","083/073","AR","350"
"チラーミィ AR SV5K 082/071","082/071","AR","180"
"ハヤシガメ AR SV5K 072/071","072/071","AR","180"
"イルカマン AR SV3 111/108","111/108","AR","180"
"イッカネズミ AR SV2D 081/071","081/071","AR","350"
"エイパム AR SV4M 075/066","075/066","AR","180"
"アチゲータ AR SV1a 079/073","079/073","AR","180"
"ドゴーム AR SV4K 078/066","078/066","AR","180"
"ヘラクロス AR SV2D 072/071","072/071","AR","180"
"パラス AR S12a 207/172","207/172","AR","550"
"ビーダル AR S12a 200/172","200/172","AR","180"
"キュワワー AR S12a 187/172","187/172","AR","180"
"ディアンシー AR S12a 186/172","186/172","AR","180"
"デオキシス AR S12a 185/172","185/172","AR","350"
"マナフィ AR S12a 178/172","178/172","AR","180"
"オドリドリ AR S12a 176/172","176/172","AR","180"
"ニャオハ AR SV1a 075/073","075/073","AR","350"
"ホゲータ AR SV1a 078/073","078/073","AR","350"
"ライチュウ AR SV2D 074/071","074/071","AR","550"
"セグレイブ AR SV2P 077/071","077/071","AR","250"
"セビエ AR SV2P 075/071","075/071","AR","180"
"コジョンド AR SV4K 072/066","072/066","AR","180"
"フシギソウ AR SV2a 167/165","167/165","AR","450"
"リザード AR SV2a 169/165","169/165","AR","650"
"ハッサム AR SV3 116/108","116/108","AR","200"
"キャタピー AR SV2a 172/165","172/165","AR","180"
"コダック AR SV2a 175/165","175/165","AR","450"
"モンジャラ AR SV2a 178/165","178/165","AR","180"
"オムナイト AR SV2a 180/165","180/165","AR","180"
"カビゴン AR SV2a 181/165","181/165","AR","350"
"ハクリュー AR SV2a 182/165","182/165","AR","350"
"タマンタ AR SV3a 064/062","064/062","AR","250"
"チルット AR SV4M 076/066","076/066","AR","200"
"バニリッチ AR SV4M 070/066","070/066","AR","180"
"モルペコ AR SV4K 076/066","076/066","AR","200"
"ブビィ AR SV4K 068/066","068/066","AR","180"
"ジジーロン AR SV5M 083/071","083/071","AR","180"
"ベロリンガ AR SV5M 082/071","082/071","AR","180"
"ヨノワール AR SV6a 070/064","070/064","AR","250"
"ヨマワル AR SV6a 068/064","068/064","AR","350"
"ハガネール AR SV4M 074/066","074/066","AR","250"
"イベルタル AR SV3a 071/062","071/062","AR","250"
"コレクレー AR SV3a 068/062","068/062","AR","180"
"ユキワラシ AR SV3a 063/062","063/062","AR","250"
"チラチーノ AR SV5K 083/071","083/071","AR","180"
"パモ AR SV4a 340/190","340/190","AR","180"
"ニャビー AR SV5M 075/071","075/071","AR","200"
"メブキジカ AR SV5M 074/071","074/071","AR","200"
"ハバタクカミ AR SV5K 076/071","076/071","AR","180"
"ヒスイガーディ AR SV5a 075/066","075/066","AR","200"
"ラブトロス AR SV5a 074/066","074/066","AR","180"
"キテルグマ AR SV6a 076/064","076/064","AR","180"
"タッツー AR SV6a 067/064","067/064","AR","180"
"ヘルガー AR SV6a 066/064","066/064","AR","200"
"クレセリア AR SV6a 071/064","071/064","AR","180"
"ゾロア AR SV6a 072/064","072/064","AR","180"
"サマヨール AR SV6a 069/064","069/064","AR","200"
"ラティオス AR SV7a 070/064","070/064","AR","450"
"ホシガリス AR SV1V 090/078","090/078","AR","180"
"スリープ  AR SV1V 086/078","086/078","AR","350"
"ノノクラゲ AR SV1V 080/078","080/078","AR","180"
"ヤドン AR SV1V 082/078","082/078","AR","250"
"ムックル AR SV1S 090/078","090/078","AR","200"
"リオル AR SV1S 086/078","086/078","AR","550"
"グレンアルマ AR SV1S 080/078","080/078","AR","200"
"ナンジャモのタイカイデン AR SV9 104/100","104/100","AR","180"
"Nのゾロア AR SV9 108/100","108/100","AR","180"
"メグロコ AR SV11B 141/086","141/086","AR","180"
"モロバレル AR SV11B 096/086","096/086","AR","200"
"ポカブ AR SV11W 096/086","096/086","AR","750"
"ランドロス AR SV11B 137/086","137/086","AR","200"
"ランクルス AR SV11B 125/086","125/086","AR","200"
"ボルトロス AR SV11B 120/086","120/086","AR","200"
"シビビール AR SV11B 118/086","118/086","AR","350"
"シビシラス AR SV11B 117/086","117/086","AR","550"
"ヒトカゲ (AR仕様) SVG 051/049 【K】","051/049","AR","4300"
"ポチエナ AR S12a 208/172 【K】","208/172","AR","550"
"ブーバーン  AR  S12a 175/172","175/172","AR","180"
"ソルロック AR S12a 189/172","189/172","AR","180"
"ミュウ AR S12a 183/172 【K】","183/172","AR","1600"
"エレキブル AR S12a 180/172","180/172","AR","180"
"ヨマワル AR S12a 203/172 【K】","203/172","AR","550"
"バンギラス AR SV2D 079/071","079/071","AR","350"
"ミルタンク AR S12a 199/172","199/172","AR","180"
"メリープ AR S12a 209/172 【K】","209/172","AR","650"
"ナエトル AR S12a 206/172 【K】","206/172","AR","800"
"ビッパ AR S12a 204/172 【K】","204/172","AR","750"
"リオル AR  S12a 201/172 【K】","201/172","AR","900"
"グラードン AR SV3a 069/062 【K】","069/062","AR","1000"
"バリヤード AR SV2a 179/165","179/165","AR","180"
"ハルクジラ AR SV7a 069/064","069/064","AR","180"
"ポリゴンZ AR SV4M 077/066","077/066","AR","180"
"メタグロス AR SV5M 080/071","080/071","AR","200"
"シキジカ AR SV5M 073/071","073/071","AR","350"
"ロケット団のソーナンス AR SV10 103/098","103/098","AR","200"
"ロケット団のイオルブ AR SV10 104/098","104/098","AR","180"
"ロケット団のヘルガー AR SV10 100/098","100/098","AR","350"
"ロケット団のワナイダー AR SV10 099/098","099/098","AR","180"
"シロナのロズレイド AR SV9a 065/063","065/063","AR","350"
"カスミのラプラス AR SV9a 072/063","072/063","AR","550"
"ホップのウールー AR SV9 112/100","112/100","AR","180"
"テツノドクガ AR SV4M 069/066","069/066","AR","180"
"テツノツツミ AR SV4M 071/066","071/066","AR","180"
"ペルシアン AR SV6a 075/064 【K】","075/064","AR","350"
"リーリエのアブリボン AR SV9 105/100","105/100","AR","200"
"なんでもなおし e1s 026/029","026/029","AR","180"
"しまめぐりのあかし UR SM12 116/095","116/095","AR","200"
"エネルギーつけかえ SMH 106/131","106/131","AR","180"
"エネルギー回収  SVM 125/175","125/175","AR","180"
"リーフィア PtR 002/012","002/012","AR","1500"
"ブーバーン U BW5 008/050","008/050","AR","3100"
"フシギダネ (AR仕様) AR SVG 050/049 【K】","050/049","AR","4300"
"ザマゼンタ AR SV10 107/098","107/098","AR","180"
"ウリムー AR SV9 106/100","106/100","AR","180"
"オオタチ AR SV9 110/100","110/100","AR","180"
"オンバット AR SV9 111/100","111/100","AR","180"
"ホエルオー AR SV9 103/100","103/100","AR","180"
"グルトン AR SV3 120/108","120/108","AR","180"
"マホミル AR SV7 110/102","110/102","AR","180"
"リリーラ AR SV7 104/102","104/102","AR","180"
"ピジョン AR SV3 119/108","119/108","AR","180"
"ナマケロ AR SV8 117/106","117/106","AR","180"
"エムリット AR SV8 114/106","114/106","AR","180"
"タマザラシ AR SV8 111/106","111/106","AR","180"
"ヒンバス AR SV8 110/106","110/106","AR","180"
"ビビヨン AR SV8 107/106","107/106","AR","180"
"バクガメス AR SV7 105/102","105/102","AR","180"
"キマワリ AR SV6 102/101","102/101","AR","180"
"キチキギス AR SV6 108/101","108/101","AR","180"
"イイネイヌ AR SV6 110/101","110/101","AR","180"
"ドッコラー AR SV6 109/101","109/101","AR","180"
"コドラ AR SV6 111/101","111/101","AR","180"
"ラッキー AR SV6 113/101","113/101","AR","350"
"カミッチュ AR SV6 103/101","103/101","AR","180"
"ラビフット AR SV7 106/102","106/102","AR","180"
"ゼラオラ AR SV7 109/102","109/102","AR","180"
"ゴクリン AR SV7 112/102","112/102","AR","180"
"ホイーガ AR SV11B 139/086","139/086","AR","180"
"カブルモ AR SV11B 094/086","094/086","AR","200"
"ヒヤッキー AR SV11B 106/086","106/086","AR","180"
"ムシャーナ AR SV11B 122/086","122/086","AR","200"
"クイタラン AR SV11W 101/086","101/086","AR","180"
"ダゲキ AR SV11W 128/086","128/086","AR","180"
"トルネロス AR SV11W 158/086","158/086","AR","180"
"ミルホッグ AR SV11W 152/086","152/086","AR","180"
"テッシード AR SV11W 144/086","144/086","AR","180"
"テラキオン AR SV11W 133/086","133/086","AR","180"
"ギガイアス AR SV11W 127/086","127/086","AR","180"
"ガントル AR SV11W 126/086","126/086","AR","180"
"ゴチム AR SV11W 121/086","121/086","AR","200"
"シンボラー AR SV11W 118/086","118/086","AR","180"
"デンチュラ AR SV11W 114/086","114/086","AR","200"
"ミジュマル AR SV11W 102/086","102/086","AR","1100"
"バオッキー AR SV11W 100/086","100/086","AR","180"
"キリキザン AR SV11B 148/086","148/086","AR","180"
"ワルビアル AR SV11B 143/086","143/086","AR","200"
"イワパレス AR SV11B 136/086","136/086","AR","180"
"ドテッコツ AR SV11B 132/086","132/086","AR","180"
"ドッコラー AR SV11B 131/086","131/086","AR","180"
"ゴルーグ AR SV11B 129/086","129/086","AR","180"
"ママンボウ AR SV11B 112/086","112/086","AR","180"
"アバゴーラ AR SV11B 111/086","111/086","AR","180"
"ガマゲロゲ AR SV11B 109/086","109/086","AR","1500"
"オタマロ AR SV11B 107/086","107/086","AR","180"
"ウルガモス AR SV11B 104/086","104/086","AR","350"
"ヒトモシ AR SV11B 100/086","100/086","AR","250"
"ツタージャ AR SV11B 087/086","087/086","AR","550"
"リグレー AR SV11B 126/086","126/086","AR","250"
"マッギョ AR SV11W 115/086","115/086","AR","180"
"マメパト AR SV11B 153/086","153/086","AR","200"
"バオップ AR SV11W 099/086","099/086","AR","180"
"キバゴ AR SV11B 150/086","150/086","AR","200"
"チュリネ AR SV11B 091/086","091/086","AR","200"
"ランプラー AR SV11B 101/086","101/086","AR","200"
"マラカッチ AR SV11B 093/086","093/086","AR","180"
"シビルドン AR SV11B 119/086","119/086","AR","200"
"ナゲキ AR SV11B 134/086","134/086","AR","180"
"ハーデリア AR SV11W 154/086","154/086","AR","180"
"クリムガン AR SV11W 150/086","150/086","AR","200"
"ギギギアル AR SV11W 148/086","148/086","AR","180"
"ダストダス AR SV11W 139/086","139/086","AR","180"
"ヤブクロン AR SV11W 138/086","138/086","AR","180"
"ズルズキン AR SV11W 137/086","137/086","AR","180"
"レパルダス AR SV11W 135/086","135/086","AR","200"
"チョロネコ AR SV11W 134/086","134/086","AR","200"
"コジョンド AR SV11W 132/086","132/086","AR","180"
"アーケオス AR SV11W 130/086","130/086","AR","200"
"アーケン AR SV11W 129/086","129/086","AR","180"
"ゴチルゼル AR SV11W 123/086","123/086","AR","200"
"デスマス AR SV11W 119/086","119/086","AR","180"
"ココロモリ AR SV11W 117/086","117/086","AR","180"
"コロモリ AR SV11W 116/086","116/086","AR","180"
"コアルヒー AR SV11W 106/086","106/086","AR","200"
"ダイケンキ AR SV11W 104/086","104/086","AR","550"
"エンブオー AR SV11W 098/086","098/086","AR","250"
"チャオブー AR SV11W 097/086","097/086","AR","200"
"ビリジオン AR SV11W 095/086","095/086","AR","200"
"アギルダー AR SV11W 094/086","094/086","AR","180"
"チョボマキ AR SV11W 093/086","093/086","AR","180"
"メブキジカ AR SV11W 092/086","092/086","AR","180"
"ハハコモリ AR SV11W 089/086","089/086","AR","200"
"クルマユ AR SV11W 088/086","088/086","AR","200"
"クルミル AR SV11W 087/086","087/086","AR","200"
"タブンネ AR SV11B 156/086","156/086","AR","200"
"オノノクス AR SV11B 152/086","152/086","AR","250"
"オノンド AR SV11B 151/086","151/086","AR","200"
"シュバルゴ AR SV11B 146/086","146/086","AR","180"
"バルジーナ AR SV11B 145/086","145/086","AR","180"
"イシズマイ AR SV11B 135/086","135/086","AR","250"
"モグリュー AR SV11B 130/086","130/086","AR","180"
"ゴビット AR SV11B 128/086","128/086","AR","180"
"オーベム AR SV11B 127/086","127/086","AR","180"
"ダブラン AR SV11B 124/086","124/086","AR","200"
"ムンナ AR SV11B 121/086","121/086","AR","200"
"タマゲタケ AR SV11B 095/086","095/086","AR","180"
"ヤナッキー AR SV11B 090/086","090/086","AR","180"
"ギギアル AR SV11W 147/086","147/086","AR","180"
"パールル AR SV10 102/098","102/098","AR","180"
"イワパレス AR SV9a 067/063","067/063","AR","180"
"ギャロップ AR SV9a 069/063","069/063","AR","180"
"ラクライ AR SV9a 073/063","073/063","AR","180"
"カミツオロチ AR SV9a 068/063","068/063","AR","180"
"ノココッチ AR SV2P 083/071","083/071","AR","180"
"ヒノヤコマ AR SV2D 073/071","073/071","AR","180"
"タギングル AR SV2D 080/071","080/071","AR","180"
"イワパレス AR SV4K 067/066","067/066","AR","180"
"クエスパトラ AR SV4M 073/066","073/066","AR","180"
"ジーランス AR SV5K 077/071","077/071","AR","180"
"ダストダス AR SV4K 075/066","075/066","AR","180"
"ミガルーサ AR SV4K 070/066","070/066","AR","180"
"ジバコイル AR S12a 193/172","193/172","AR","180"
"コロトック AR S12a 174/172","174/172","AR","180"
"キョジオーン AR SV4K 073/066","073/066","AR","180"
"ケルディオ AR S12a 179/172","179/172","AR","180"
"ストリンダー AR S12a 181/172","181/172","AR","180"
"チルタリス AR S12a 194/172","194/172","AR","180"
"レドームシ AR SV4M 067/066","067/066","AR","180"
"カラミンゴ AR SV2D 082/071","082/071","AR","180"
"トロピウス AR SV1a 074/073","074/073","AR","180"
"ゼニガメ (AR仕様) SVG 052/049 【K】","052/049","AR","4300"
"ゼニガメ AR SV2a 170/165","170/165","AR","750"
"メルタン AR SV5M 081/071","081/071","AR","180"
"アブリー AR SV5M 078/071","078/071","AR","180"
"パルデアウパー AR SV1a 085/073","085/073","AR","180"
"カエンジシ AR SV1a 077/073","077/073","AR","180"
"クワッス AR SV1a 081/073","081/073","AR","180"
"ウェルカモ AR SV1a 082/073","082/073","AR","180"
"カヌチャン AR SV2D 076/071","076/071","AR","180"
"デルビル AR SV3 115/108","115/108","AR","180"
"アノクサ AR SV2P 072/071","072/071","AR","180"
"コオリッポ AR SV2P 074/071","074/071","AR","180"
"ミミズズ AR SV2P 081/071","081/071","AR","180"
"ウソッキー AR SV2P 080/071","080/071","AR","200"
"ニャローテ AR SV1a 076/073","076/073","AR","180"
"コジオ AR SV2D 078/071","078/071","AR","180"
"ダーテング AR SV5M 072/071","072/071","AR","180"
"コソクムシ AR SV4K 069/066","069/066","AR","180"
"ココガラ AR SV2P 082/071","082/071","AR","180"
"フシギダネ AR SV2a 166/165","166/165","AR","750"
"バチュル AR SV3a 067/062","067/062","AR","180"
"チヲハウハネ AR SV4K 074/066","074/066","AR","180"
"リククラゲ AR SV4M 068/066","068/066","AR","180"
"レディアン AR SV7 103/102","103/102","AR","180"
"カメール AR SV2a 171/165","171/165","AR","450"
"ニドキング AR SV2a 174/165","174/165","AR","180"
"ニョロゾ AR SV2a 176/165","176/165","AR","250"
"ゴーリキー AR SV2a 177/165","177/165","AR","180"
"ビブラーバ AR SV7a 071/064","071/064","AR","180"
"ギルガルド AR SV3a 073/062","073/062","AR","180"
"メテノ AR SV3a 070/062","070/062","AR","180"
"マイナン AR SV3a 066/062","066/062","AR","450"
"プラスル AR SV3a 065/062","065/062","AR","450"
"テツノコウベ AR SV4M 078/066","078/066","AR","180"
"アーボック AR SV5K 079/071","079/071","AR","180"
"ゴマゾウ AR SV8 115/106","115/106","AR","180"
"ドリュウズ AR SV5M 079/071","079/071","AR","180"
"ドーミラー AR SV5K 074/071","074/071","AR","180"
"アローラダグトリオ AR SV8 116/106","116/106","AR","180"
"カクレオン AR SV8 118/106","118/106","AR","180"
"ユキハミ AR SV5K 073/071","073/071","AR","180"
"カジッチュ AR SV5a 077/066","077/066","AR","180"
"ダイノーズ AR SV5a 076/066","076/066","AR","180"
"エレザード AR SV5a 073/066","073/066","AR","180"
"ウッウ AR SV5a 072/066","072/066","AR","180"
"フィオネ AR SV5a 071/066","071/066","AR","180"
"ゴウカザル AR SV5a 070/066","070/066","AR","180"
"コータス AR SV5a 069/066","069/066","AR","180"
"チャデス AR SV5a 068/066","068/066","AR","180"
"チリーン AR SV6 106/101","106/101","AR","180"
"ゾウドウ AR SV6a 073/064","073/064","AR","180"
"オノンド AR SV6a 074/064","074/064","AR","180"
"ウォーグル AR SV7a 076/064","076/064","AR","180"
"アップリュー AR SV7a 074/064","074/064","AR","180"
"アサナン AR SV7 111/102","111/102","AR","180"
"マシェード AR SV7a 066/064","066/064","AR","180"
"ハギギシリ AR SV7a 068/064","068/064","AR","180"
"タタッコ AR SV7a 072/064","072/064","AR","180"
"タルップル AR SV7a 075/064","075/064","AR","180"
"エアームド AR SV7a 073/064","073/064","AR","180"
"タマタマ AR SV7a 065/064","065/064","AR","180"
"オトシドリ AR SV1V 089/078","089/078","AR","180"
"マフィティフ AR SV1V 088/078","088/078","AR","180"
"ボチ AR SV1V 087/078","087/078","AR","180"
"パーモット  AR SV1V 085/078","085/078","AR","180"
"ウデッポウ AR SV1V 083/078","083/078","AR","180"
"スコヴィラン AR SV1V 081/078","081/078","AR","180"
"タマンチュラ AR SV1V 079/078","079/078","AR","180"
"ドドゲザン AR SV1S 089/078","089/078","AR","180"
"パピモッチ AR SV1S 085/078","085/078","AR","180"
"キルリア AR SV1S 084/078","084/078","AR","450"
"ラルトス AR SV1S 083/078","083/078","AR","450"
"ヘイラッシャ AR SV1S 082/078","082/078","AR","180"
"ウミディグダ AR SV1S 081/078","081/078","AR","180"
"オリーニョ AR SV1S 079/078","079/078","AR","180"
"フシデ AR SV11B 138/086","138/086","AR","180"
"ダンゴロ AR SV11W 125/086","125/086","AR","180"
"ツンベアー AR SV11B 114/086","114/086","AR","180"
"ヒヒダルマ AR SV11B 099/086","099/086","AR","180"
"クマシュン AR SV11B 113/086","113/086","AR","200"
"ガマガル AR SV11B 108/086","108/086","AR","180"
"ワルビル AR SV11B 142/086","142/086","AR","180"
"シママ AR SV11W 111/086","111/086","AR","180"
"シキジカ AR SV11W 091/086","091/086","AR","200"
"ワシボン AR SV11W 156/086","156/086","AR","180"
"ミネズミ AR SV11W 151/086","151/086","AR","180"
"ナットレイ AR SV11W 145/086","145/086","AR","180"
"ゾロアーク AR SV11W 141/086","141/086","AR","1100"
"ゼブライカ AR SV11W 112/086","112/086","AR","180"
"バイバニラ AR SV11W 110/086","110/086","AR","180"
"バスラオ AR SV11W 105/086","105/086","AR","180"
"モンメン AR SV11W 090/086","090/086","AR","200"
"コマタナ AR SV11B 147/086","147/086","AR","180"
"ユニラン AR SV11B 123/086","123/086","AR","250"
"バルチャイ AR SV11B 144/086","144/086","AR","180"
"ローブシン AR SV11B 133/086","133/086","AR","200"
"ヤンヤンマ AR SV9a 064/063","064/063","AR","180"
"ロトム AR SV9a 074/063","074/063","AR","180"
"シママ AR SV4M 072/066","072/066","AR","180"
"ナットレイ AR SV3a 072/062","072/062","AR","180"
"メタモン AR S12a 197/172","197/172","AR","180"
"リキキリン AR SV2D 083/071","083/071","AR","180"
"モトトカゲ AR SV3a 074/062","074/062","AR","180"
"チルット AR S12a 202/172 【K】","202/172","AR","550"
"アブソル AR S12a 191/172","191/172","AR","180"
"セゴール AR SV2P 076/071","076/071","AR","180"
"ベラカス AR SV2P 079/071","079/071","AR","180"
"ペラップ AR SV5K 081/071","081/071","AR","180"
"ミュウツー AR SV2a 183/165 【K】","183/165","AR","650"
"ピカチュウ AR SV2a 173/165 【K】","173/165","AR","1000"
"アラブルタケ AR SV4K 077/066","077/066","AR","180"
"ランクルス AR SV5K 075/071","075/071","AR","180"
"テツノイバラ AR SV5M 077/071","077/071","AR","180"
"ミミッキュ AR SV4a 341/190 【K】","341/190","AR","650"
"イルカマン AR SV4a 339/190","339/190","AR","180"
"ゴース AR SV5K 080/071 【K】","080/071","AR","900"
"カイロス AR SV5a 067/066","067/066","AR","180"
"イーブイ AR SV5a 078/066 【K】","078/066","AR","1500"
"カプ・ブルル AR SV6a 065/064","065/064","AR","180"
"パチリス AR SV1V 084/078","084/078","AR","180"
"ガケガニ AR SV1S 088/078","088/078","AR","180"
"メグロコ AR SV1S 087/078","087/078","AR","180"
"ロケット団のラッタ AR SV10 108/098","108/098","AR","180"
"ロケット団のマタドガス AR SV10 105/098","105/098","AR","200"
"マリィのモルペコ(AR仕様) SVOM 020/019 【K】","020/019","AR","750"
"Nのレシラム AR SV9 109/100 【K】","109/100","AR","350"
"コイキング AR SV1a 080/073 【K】","080/073","AR","6200"
"ヒトカゲ AR SV2a 168/165 【K】","168/165","AR","750"
"ロケット団のヤミカラス AR SV10 106/098","106/098","AR","180"
"ロケット団のニャース AR SV10 109/098 【K】","109/098","AR","650"
"カスミのコダック AR SV9a 071/063 【K】","071/063","AR","1200"
"ペパーのヨクバリス AR SV9a 075/063","075/063","AR","180"
"ヒビキのバクフーン AR SV9a 070/063 【K】","070/063","AR","750"
"ダイゴのダンバル(AR仕様)  SVOD 019/018 【K】","019/018","AR","550"
"ポワルンたいようのすがた AR SV7a 067/064","067/064","AR","180"
"わるいカメックス ★ 1st4 020/065","020/065","AR","6700"
"シャワーズ  SM12a 033/173","033/173","AR","180"
"ミュウ XY 009/048","009/048","AR","200"
"基本炎エネルギー PROMO 222/BW-P バトルカーニバル","222/BW-P","AR","1700"
"ふしぎなアメ ミラー SI 376/414","376/414","AR","180"
"商品タイトル","型番","SAR",""
"スグリ SAR SV6 129/101 【K】","129/101","SAR","1500"
"ゼイユ SAR SV6 130/101 【KK】","130/101","SAR","12800"
"カイ SAR S12a 236/172 【K】","236/172","SAR","2200"
"ボタン SAR SV4a 354/190 【K】","354/190","SAR","1000"
"メロコ SAR SV4K 092/066 【K】","092/066","SAR","1400"
"トウコ SAR SV11W 173/086 【KK】","173/086","SAR","6200"
"ボーマンダex SAR SV9 129/100 【K】","129/100","SAR","2000"
"ミロカロスex SAR SV8 131/106 【K】","131/106","SAR","4700"
"ピジョットex SAR SV3 136/108 【K】","136/108","SAR","1500"
"リザードンex SAR SV3 134/108 【KK】","134/108","SAR","180"
"サンダーex SAR SV2a 204/165 【K】","204/165","SAR","5500"
"リザードンV SAR S12a 211/172 【K】","211/172","SAR","2200"
"サンダースex SAR SV8a 209/187 【K】","209/187","SAR","2700"
"ガブリアスex SAR SV3a 085/062 【K】","085/062","SAR","2500"
"フシギバナex SAR SV2a 200/165 【K】","200/165","SAR","5500"
"キチキギスex SAR SV6a 089/064 【K】","089/064","SAR","2600"
"サザンドラex SAR SV11W 171/086 【K】","171/086","SAR","2200"
"ブルンゲルex SAR SV11W 170/086 【K】","170/086","SAR","1700"
"ニンフィアex SAR SV8a 212/187 【KK】","212/187","SAR","7100"
"マスカーニャex SAR SV1a 096/073 【K】","096/073","SAR","3700"
"ウェーニバルex SAR SV1a 098/073 【K】","098/073","SAR","1200"
"ゲッコウガex SAR SV5a 090/066 【KK】","090/066","SAR","180"
"ラウドボーンex SAR SV1a 097/073 【K】","097/073","SAR","2200"
"タケルライコex SAR SV5K 095/071 【K】","095/071","SAR","2800"
"テツノカイナex SAR SV4M 088/066 【K】","088/066","SAR","800"
"トドロクツキex SAR SV4K 090/066 【K】","090/066","SAR","2800"
"ウガツホムラex SAR SV5K 093/071 【K】","093/071","SAR","1700"
"ウネルミナモex SAR SV5K 094/071 【K】","094/071","SAR","2200"
"テツノイサハex SAR SV5M 093/071 【K】","093/071","SAR","1600"
"ブリジュラスex SAR SV7a 088/064 【K】","088/064","SAR","1200"
"ヒビキの冒険 SAR SV9a 089/063 【K】","089/063","SAR","3300"
"ナタネの活気 SAR S12a 243/172 【K】","243/172","SAR","900"
"シロナの覇気 SAR S12a 239/172 【K】","239/172","SAR","3200"
"エリカの招待 SAR SV2a 206/165 【K】","206/165","SAR","4700"
"グレイシアVSTAR SAR S12a 217/172 【K】","217/172","SAR","2200"
"リザードンVSTAR SAR S12a 212/172 【K】","212/172","SAR","4200"
"ミュウツーVSTAR SAR S12a 221/172 【K】","221/172","SAR","3700"
"バオッキーVSTAR SAR S12a 214/172 【K】","214/172","SAR","1000"
"サカキのカリスマ SAR SV2a 207/165 【K】","207/165","SAR","1600"
"スイレンのお世話 SAR SV5a 093/066 【K】","093/066","SAR","1700"
"ホップのザシアンex SAR SV9 128/100 【K】","128/100","SAR","1600"
"ルチアのアピール SAR SV7a 091/064 【KK】","091/064","SAR","16400"
"ベルのまごころ SAR SV5M 097/071 【K】","097/071","SAR","2800"
"ヒスイゾロアークVSTAR SAR S12a 234/172 【K】","234/172","SAR","1400"
"スイクンV SAR S12a 215/172 【K】","215/172","SAR","2200"
"ライコウV SAR S12a 218/172 【K】","218/172","SAR","1600"
"エンテイV SAR S12a 213/172 【K】","213/172","SAR","1600"
"メガヤンマex SAR SV9a 085/063 【K】","085/063","SAR","700"
"ルカリオVSTAR SAR S12a 226/172 【K】","226/172","SAR","1000"
"ダークライVSTAR SAR S12a 228/172 【K】","228/172","SAR","1600"
"Nのゾロアークex SAR SV9 127/100 【K】","127/100","SAR","3700"
"リーリエのピッピex SAR SV9 126/100 【KK】","126/100","SAR","180"
"ナンジャモのハラバリーex SAR SV9 125/100 【KK】","125/100","SAR","7100"
"オーリム博士の気迫 SAR SV4K 091/066 【K】","091/066","SAR","1400"
"タロ SAR SV7 131/102 【K】","131/102","SAR","4200"
"ブライア SAR SV7 132/102 【K】","132/102","SAR","800"
"チリ SAR SV3a 088/062 【K】","088/062","SAR","1600"
"サザレ SAR SV5a 092/066 【K】","092/066","SAR","4700"
"ボタン SAR SV1S 105/078 【K】","105/078","SAR","1100"
"キハダ SAR SV1a 099/073 【KK】","099/073","SAR","5500"
"ミモザ SAR SV1V 105/078 【KK】","105/078","SAR","9000"
"グルーシャ SAR SV2P 095/071 【K】","095/071","SAR","2200"
"カシオペア SAR SV6a 091/064 【K】","091/064","SAR","1600"
"ナンジャモ SAR SV4a 350/190 【KK】","350/190","SAR","7100"
"テラパゴスex SAR SV7 130/102 【K】","130/102","SAR","2700"
"サザンドラex SAR SV8 133/106 【K】","133/106","SAR","2200"
"カミツオロチex SAR SV7 127/102 【K】","127/102","SAR","1200"
"バウッツェルex SAR SV7 129/102 【K】","129/102","SAR","1000"
"ミカンのまなざし SAR SV8 135/106 【K】","135/106","SAR","1500"
"ペパー SAR SV4a 353/190 【K】","353/190","SAR","1000"
"エーフィex SAR SV8a 211/187 【K】","211/187","SAR","3300"
"イーブイex SAR SV8a 224/187 【K】","224/187","SAR","2200"
"イーブイex SAR SV8a 223/187 【K】","223/187","SAR","2000"
"ミュウex SAR SV4a 347/190 【KK】","347/190","SAR","180"
"ミュウex SAR SV2a 205/165 【KK】","205/165","SAR","9000"
"イーユイex SAR SV2D 092/071 【K】","092/071","SAR","1200"
"キュレムex SAR SV11B 168/086 【K】","168/086","SAR","2500"
"ミライドンex SAR SV1V 102/078 【K】","102/078","SAR","3200"
"シャワーズex SAR SV8a 205/187 【K】","205/187","SAR","3200"
"ブースターex SAR SV8a 202/187 【K】","202/187","SAR","3200"
"グレイシアex SAR SV8a 206/187 【K】","206/187","SAR","2800"
"リーフィアex SAR SV8a 200/187 【K】","200/187","SAR","2800"
"コライドンex SAR SV1S 103/078 【K】","103/078","SAR","3200"
"カメックスex SAR SV2a 202/165 【K】","202/165","SAR","5500"
"イキリンコex SAR SV2P 094/071 【K】","094/071","SAR","1600"
"パオジアンex SAR SV2P 093/071 【K】","093/071","SAR","2500"
"チルタリスex SAR SV4M 090/066 【K】","090/066","SAR","2800"
"レシラムex SAR SV11W 168/086 【KK】","168/086","SAR","12800"
"ケルディオex SAR SV11W 169/086 【K】","169/086","SAR","1600"
"エルフーンex SAR SV11W 167/086 【K】","167/086","SAR","1100"
"メロエッタex SAR SV11B 170/086 【K】","170/086","SAR","1500"
"ゼクロムex SAR SV11B 169/086 【KK】","169/086","SAR","12800"
"ゲノセクトex SAR SV11B 172/086 【K】","172/086","SAR","1600"
"チオンジェンex SAR SV2P 092/071 【K】","092/071","SAR","800"
"デカヌチャンex SAR SV2D 093/071 【K】","093/071","SAR","1400"
"トドロクツキex SAR SV8a 218/187 【K】","218/187","SAR","1000"
"ブラッキーex SAR SV8a 217/187 【KK】","217/187","SAR","180"
"ソウブレイズex SAR SV8a 203/187 【K】","203/187","SAR","700"
"リザードンex SAR SV2a 201/165 【KK】","201/165","SAR","180"
"グソクムシャex SAR SV4K 088/066 【K】","088/066","SAR","900"
"ゼラオラVMAX SAR S12a 219/172 【K】","219/172","SAR","700"
"リザードンex SAR SV4a 349/190 【KK】","349/190","SAR","180"
"テツノブジンex SAR SV4M 089/066 【K】","089/066","SAR","1600"
"ラティアスex SAR SV7a 087/064 【KK】","087/064","SAR","9000"
"Nの筋書き SAR SV11B 173/086 【K】","173/086","SAR","3700"
"マツバの確信 SAR SV5K 097/071 【K】","097/071","SAR","2700"
"デオキシスVMAX SAR S12a 222/172 【K】","222/172","SAR","800"
"デオキシスVSTAR SAR S12a 223/172 【K】","223/172","SAR","800"
"リーフィアVSTAR SAR S12a 210/172 【K】","210/172","SAR","2200"
"ガチグマアカツキex SAR SV5a 091/066 【K】","091/066","SAR","1500"
"アローラナッシーex SAR SV7a 089/064 【K】","089/064","SAR","1400"
"ロケット団のサカキ SAR SV10 129/098 【K】","129/098","SAR","2000"
"ロケット団のアテナ SAR SV10 128/098 【K】","128/098","SAR","1500"
"パラソルおねえさん SAR SV3a 089/062 【K】","089/062","SAR","3700"
"サーフゴーex SAR SV3a 087/062 【K】","087/062","SAR","2700"
"フーディンex SAR SV2a 203/165 【K】","203/165","SAR","2800"
"ジャローダex SAR SV11B 167/086 【K】","167/086","SAR","1500"
"サーナイトex SAR SV1S 101/078 【KK】","101/078","SAR","11900"
"カプ・コケコex SAR SV3a 086/062 【K】","086/062","SAR","1000"
"サーナイトex SAR SV4a 348/190 【KK】","348/190","SAR","7100"
"テツノカシラex SAR SV5M 094/071 【K】","094/071","SAR","1700"
"ボスの指令 ゲーチス SAR SV1a 100/073 【K】","100/073","SAR","1700"
"ヒビキのホウオウex SAR SV9a 086/063 【KK】","086/063","SAR","9000"
"シロナのガブリアスex SAR SV9a 087/063 【KK】","087/063","SAR","16400"
"オーガポンみどりのめんex SAR SV6 125/101 【K】","125/101","SAR","1400"
"ロケット団のニドキングex SAR SV10 126/098 【K】","126/098","SAR","4700"
"ロケット団のミュウツーex SAR SV10 125/098 【KK】","125/098","SAR","180"
"ロケット団のファイヤーex SAR SV10 124/098 【KK】","124/098","SAR","9000"
"ペパーのマフィティフex SAR SV9a 088/063 【K】","088/063","SAR","800"
"ロケット団のクロバットex SAR SV10 127/098 【K】","127/098","SAR","3700"
"商品タイトル","型番","CHR",""
"モココ CHR S8b 194/184","194/184","CHR","180"
"ヘルガー CHR S8b 206/184","206/184","CHR","180"
"デデンネ CHR S8b 200/184","200/184","CHR","200"
"キングドラ CHR S8b 190/184","190/184","CHR","180"
"クリムガン CHR S8b 209/184","209/184","CHR","180"
"カビゴン CHR S10a 077/071","077/071","CHR","200"
"コータス CHR SM11b 050/049","050/049","CHR","550"
"ミロカロス CHR S11a 070/068","070/068","CHR","180"
"テールナー CHR S11a 069/068","069/068","CHR","180"
"ムーランド CHR SM11b 061/049","061/049","CHR","250"
"サーナイト CHR S8b 196/184","196/184","CHR","180"
"サーナイト CHR S11a 072/068","072/068","CHR","180"
"イーブイ CHR S8b 210/184 【K】","210/184","CHR","450"
"ヒスイウインディ CHR S10a 075/071","075/071","CHR","180"
"サンダース CHR S8b 193/184 【K】","193/184","CHR","450"
"シャワーズ CHR S8b 189/184 【K】","189/184","CHR","450"
"ブースター CHR S8b 188/184 【K】","188/184","CHR","450"
"リザードン CHR S8b 187/184 【K】","187/184","CHR","750"
"ゲンガー CHR S10a 074/071 【K】","074/071","CHR","950"
"ピカチュウ CHR S10a 073/071 【K】","073/071","CHR","1450"
"ドガース CHR SM11b 056/049 【K】","056/049","CHR","850"
"チルタリス CHR S11a 074/068 【K】","074/068","CHR","250"
"ヨワシ CHR SM11b 053/049 【K】","053/049","CHR","850"
"コイル CHR SM11b 055/049","055/049","CHR","350"
"ドリュウズ CHR SM11b 059/049","059/049","CHR","180"
"エルレイド CHR SM11b 057/049","057/049","CHR","250"
"マニューラ CHR SM11b 051/049","051/049","CHR","450"
"ゼクロム CHR S8b 195/184 【K】","195/184","CHR","750"
"ポッチャマ CHR SM11b 052/049 【K】","052/049","CHR","3800"
"ハガネール CHR SM11b 060/049 【K】","060/049","CHR","950"
"商品タイトル","型番","SM10aRR",""
"ガブリアス＆ギラティナGX RR SM10a 032/054 【K】","032/054","SM10aRR","750"
"ライチュウ＆アローラライチュウGX RR SM10a 008/054 【K】","008/054","SM10aRR","1350"
"ヒードランGX HR SM10a 063/054","063/054","SM10aRR","450"
"商品タイトル","型番","SM12aRR",""
"デデンネGX RR SM12a 048/173","048/173","SM12aRR","200"
"レックウザGX RR SM12a 100/173","100/173","SM12aRR","350"
"フェローチェ＆マッシブーンGX RR SM12a 001/173","001/173","SM12aRR","350"
"マーシャドー＆カイリキーGX RR SM12a 067/173","067/173","SM12aRR","550"
"ミュウツー＆ミュウGX RR SM12a 052/173 【K】","052/173","SM12aRR","1650"
"ピカチュウ＆ゼクロムGX RR SM12a 041/173 【K】","041/173","SM12aRR","1650"
"レシラム＆リザードンGX RR SM12a 016/173 【K】","016/173","SM12aRR","1650"
"ガブリアス＆ギラティナGX RR SM12a 099/173 【K】","099/173","SM12aRR","750"
"トゲピー＆ピィ＆ププリンGX RR SM12a 094/173 【K】","094/173","SM12aRR","850"
"ルカリオ＆メルメタルGX RR SM12a 083/173","083/173","SM12aRR","450"
"ゲッコウガ＆ゾロアークGX RR SM12a 072/173","072/173","SM12aRR","650"
"オーロット＆ヨノワールGX RR SM12a 053/173","053/173","SM12aRR","550"
"ファイヤー＆サンダー＆フリーザーGX RR SM12a 102/173 【K】","102/173","SM12aRR","1350"
"商品タイトル","型番","SM11RR",""
"ラフレシアGX RR SM11b 003/049","003/049","SM11RR","200"
"ヤドン＆コダックGX RR SM11 011/094 【K】","011/094","SM11RR","2850"
"ミュウツー&ミュウGX RR SM11 029/094 【K】","029/094","SM11RR","1650"
"レシラム＆ゼクロムGX RR SM11b 036/049 【K】","036/049","SM11RR","2850"
"カメックス＆ポッチャマGX RR SM11a 016/064 【K】","016/064","SM11RR","1550"
"リザードン＆テールナーGX RR SM11a 008/064 【K】","008/064","SM11RR","1850"
"メガヤミラミ＆バンギラスGX RR SM11 054/094 【K】","054/094","SM11RR","1050"
"フシギバナ＆ツタージャGX RR SM11a 001/064 【K】","001/064","SM11RR","950"
"ソルガレオ＆ルナアーラGX RR SM11b 020/049 【K】","020/049","SM11RR","850"
"ラティオスGX RR SM11 034/094","034/094","SM11RR","200"
"商品タイトル","型番","SM9RR",""
"デデンネGX RR SM9a 016/055","016/055","SM9RR","200"
"カメックスGX RR SM9b 010/054","010/054","SM9RR","450"
"イーブイ＆カビゴンGX RR SM9 066/095 【K】","066/095","SM9RR","1850"
"ピカチュウ＆ゼクロムGX RR SM9 031/095 【K】","031/095","SM9RR","1650"
"セレビィ＆フシギバナGX RR SM9 001/095 【K】","001/095","SM9RR","1150"
"ラティアス＆ラティオスGX RR SM9 060/095 【K】","060/095","SM9RR","1850"
"フェローチェ＆マッシブーンGX RR SM9b 001/054","001/054","SM9RR","350"
"サーナイト＆ニンフィアGX RR SM9a 031/055 【K】","031/055","SM9RR","1650"
"ゲンガー＆ミミッキュGX RR SM9 038/095 【KK】","038/095","SM9RR","5900"
"ルカリオ＆メルメタルGX RR SM9b 029/054","029/054","SM9RR","450"
"ゲッコウガ＆ゾロアークGX RR SM9a 025/055","025/055","SM9RR","650"
"コイキング＆ホエルオーGX RR SM9 019/095 【K】","019/095","SM9RR","1550"
"商品タイトル","型番","SMMGX",""
"ブラッキー＆ダークライGX SMM 010/031 【K】","010/031","SMMGX","2250"